movie_id,release_date
1,2007-02-04
2,2003-03-08
3,2008-07-05
4,2009-03-08
5,2003-04-11
6,1996-07-01
7,2011-07-12
8,1993-02-20
9,2011-07-02
10,2008-02-26
11,2008-07-06
12,1991-04-17
13,2011-01-16
14,2010-09-11
15,1993-01-02
16,2010-08-04
17,1996-10-09
18,2006-02-02
19,2005-07-02
20,2000-09-18
21,1995-01-11
22,1996-01-21
23,1991-06-01
24,2010-06-15
25,2002-01-24
26,1990-01-02
27,2007-01-26
28,2014-06-11
29,2006-01-11
30,1993-06-23
31,2003-05-09
32,2013-08-21
33,1990-11-27
34,1998-09-05
35,1992-06-10
36,2010-02-04
37,1995-08-15
38,2015-10-19
39,2008-04-16
40,2015-08-01
41,1998-12-01
42,1995-04-02
43,1995-08-12
44,1992-12-04
45,1992-04-10
46,2009-10-01
47,1991-11-26
48,1996-12-24
49,1997-07-18
50,2006-03-09
51,1994-01-07
52,2014-12-22
53,1993-11-06
54,1997-07-16
55,2008-02-17
56,2000-11-13
57,1999-12-13
58,2004-12-23
59,1993-02-01
60,1994-12-21
61,2000-08-12
62,1993-11-27
63,2013-03-10
64,2004-08-27
65,2011-09-08
66,1998-07-23
67,1996-11-19
68,1994-04-07
69,2011-08-03
70,2000-10-25
71,2010-12-27
72,2002-11-28
73,1994-08-06
74,2006-07-20
75,1992-10-10
76,2003-09-06
77,2003-10-17
78,1995-12-02
79,1991-03-09
80,1994-04-08
81,2012-06-11
82,2001-10-19
83,2015-05-24
84,1998-03-27
85,2005-08-11
86,2014-01-14
87,2012-04-26
88,2012-11-01
89,1997-07-01
90,2013-05-19
91,2007-12-09
92,2014-10-01
93,1998-08-02
94,2007-07-11
95,1998-03-17
96,2006-08-10
97,2007-02-04
98,2011-04-28
99,1999-01-17
100,1999-02-06
101,2006-02-27
102,1994-08-06
103,2006-08-25
104,1999-08-12
105,2001-03-23
106,2004-07-19
107,2000-08-28
108,2008-03-09
109,2004-10-20
110,1998-08-22
111,2001-12-15
112,2012-01-12
113,2000-02-16
114,2000-01-27
115,2001-04-14
116,2008-05-03
117,1994-10-13
118,2013-12-15
119,1995-12-25
120,2006-08-24
121,2003-04-02
122,1992-11-18
123,2013-07-05
124,1999-02-11
125,1992-01-19
126,1990-03-26
127,2011-10-12
128,2005-02-23
129,1997-07-02
130,1990-08-03
131,2003-10-15
132,2008-11-19
133,2013-05-12
134,2012-10-24
135,2014-10-19
136,1992-10-27
137,2012-03-20
138,2015-10-23
139,2001-11-06
140,1997-10-11
141,2004-12-26
142,1991-11-10
143,2012-05-03
144,2015-02-25
145,2003-12-01
146,2004-08-09
147,1993-03-21
148,1993-02-14
149,1999-07-28
150,2008-04-28
151,2002-08-15
152,1991-04-25
153,2014-11-28
154,1998-03-12
155,2011-11-02
156,2011-06-24
157,2010-11-08
158,2012-02-18
159,2005-06-22
160,2001-09-08
161,1999-02-04
162,1992-06-15
163,1999-06-20
164,1994-08-22
165,1999-10-27
166,1998-04-08
167,2000-07-04
168,1993-12-11
169,2009-08-14
170,2013-06-24
171,1992-06-06
172,2007-12-03
173,1997-09-11
174,2004-06-28
175,1993-08-08
176,2002-07-10
177,2007-04-05
178,2002-01-04
179,1994-03-06
180,2008-05-25
181,1990-06-02
182,2012-01-05
183,2004-09-25
184,2012-01-16
185,2013-11-03
186,1993-12-09
187,1993-04-03
188,1993-03-05
189,2006-08-13
190,1992-07-21
191,2013-07-10
192,2002-07-02
193,2014-04-17
194,1992-11-24
195,2001-10-07
196,2005-07-05
197,1991-01-07
198,2013-08-03
199,2011-11-06
200,2012-03-12
201,2008-06-05
202,1993-12-14
203,1995-05-11
204,1991-03-20
205,2008-01-11
206,1995-09-13
207,2014-01-02
208,1996-01-13
209,2002-12-27
210,1996-09-18
211,2011-01-03
212,1994-05-12
213,2007-04-24
214,2009-05-05
215,2011-01-25
216,2003-03-17
217,2008-08-06
218,2009-12-05
219,1999-06-13
220,2008-08-01
221,2003-12-21
222,2009-03-04
223,2006-07-18
224,2014-07-11
225,2006-03-18
226,2012-06-01
227,2005-12-22
228,1999-07-03
229,2001-02-03
230,2013-10-26
231,2014-12-19
232,2011-03-13
233,2001-01-23
234,2009-12-19
235,2014-10-02
236,2011-02-23
237,2004-06-02
238,2001-02-20
239,1996-02-12
240,2006-04-03
241,1990-09-21
242,2008-12-16
243,2008-10-26
244,1994-06-11
245,1995-11-01
246,1992-06-22
247,1990-08-28
248,1998-05-09
249,2012-07-25
250,2014-07-03
251,1991-10-22
252,2008-09-06
253,2014-03-22
254,2003-02-09
255,2012-05-01
256,2007-03-08
257,2007-02-21
258,2007-08-20
259,1993-09-10
260,2001-11-14
261,2007-09-07
262,2011-02-20
263,2005-07-03
264,2011-02-06
265,2015-07-14
266,2007-06-28
267,1997-03-09
268,2005-04-12
269,2000-05-05
270,1991-08-02
271,2012-07-11
272,1998-11-11
273,1991-01-07
274,1999-02-20
275,1994-11-28
276,2003-09-03
277,1995-06-08
278,1999-02-19
279,1994-01-13
280,2011-06-22
281,2003-07-26
282,1991-12-19
283,2010-08-20
284,1993-08-12
285,2009-12-04
286,2005-06-13
287,2000-11-20
288,1991-11-05
289,2010-06-11
290,2008-02-22
291,2013-03-18
292,2002-10-16
293,2010-02-25
294,1998-09-02
295,2000-01-24
296,2012-08-07
297,2004-07-19
298,1990-05-17
299,1991-06-19
300,2009-04-14
301,1997-01-15
302,2013-03-11
303,2010-04-03
304,2004-10-08
305,2005-01-04
306,2006-08-23
307,1997-12-26
308,1993-03-17
309,1993-11-24
310,1990-05-11
311,2012-01-26
312,1999-01-19
313,2003-07-24
314,2002-01-09
315,1993-12-21
316,1999-06-10
317,2002-06-23
318,2012-06-09
319,2004-02-25
320,2013-10-10
321,2003-10-26
322,2009-09-22
323,1999-03-01
324,2001-02-05
325,2014-10-25
326,2006-01-06
327,2011-10-14
328,2002-07-28
329,2004-01-16
330,2005-10-26
331,2010-08-21
332,2002-12-09
333,2000-05-09
334,2015-12-07
335,1998-01-09
336,2006-12-19
337,2001-12-04
338,2007-01-01
339,2012-01-06
340,2014-03-19
341,1995-10-11
342,1993-09-15
343,2000-06-24
344,2005-03-18
345,2013-11-22
346,1996-03-16
347,2007-11-03
348,2013-02-25
349,2009-02-15
350,2009-08-26
351,1992-06-06
352,2006-09-06
353,2011-03-10
354,2010-03-14
355,2010-11-21
356,2003-10-06
357,1995-08-25
358,2007-04-08
359,2005-04-19
360,2003-05-17
361,2015-09-24
362,2014-07-22
363,2000-03-04
364,2005-06-28
365,1995-11-19
366,2005-02-09
367,1993-03-09
368,1998-07-28
369,1991-06-06
370,2014-01-13
371,2004-04-24
372,2009-10-16
373,2006-11-10
374,2014-02-16
375,1991-08-06
376,2012-06-12
377,2005-12-06
378,1998-05-04
379,1997-09-05
380,2012-11-03
381,2005-06-06
382,2008-01-03
383,1993-06-02
384,1993-12-07
385,2015-03-04
386,2009-03-25
387,2010-03-28
388,2010-04-02
389,1995-03-27
390,2008-06-04
391,2000-10-01
392,1996-05-18
393,1999-05-17
394,1992-09-01
395,1999-06-01
396,2015-05-06
397,2015-07-12
398,1997-01-20
399,1992-10-05
400,1993-06-24
401,1993-06-27
402,2014-09-06
403,1995-09-23
404,2003-05-25
405,1997-09-13
406,2015-06-24
407,1991-04-24
408,2009-09-28
409,2008-02-21
410,1998-02-17
411,2001-03-26
412,2009-12-09
413,1991-06-22
414,2010-09-19
415,1999-06-04
416,2004-01-11
417,1996-02-11
418,1999-01-06
419,2015-05-21
420,2015-03-18
421,2002-11-17
422,1996-02-05
423,2014-07-21
424,1993-12-28
425,1991-04-15
426,1994-05-08
427,2011-02-03
428,1998-02-28
429,1994-02-05
430,2008-10-16
431,2005-01-06
432,1993-04-24
433,1991-02-11
434,2015-08-14
435,2006-02-06
436,2000-04-24
437,2008-10-28
438,2001-02-03
439,2004-02-23
440,2005-01-01
441,1990-04-22
442,1994-07-25
443,2010-12-27
444,2007-02-08
445,2013-11-16
446,2005-09-01
447,2010-10-23
448,1998-12-27
449,2005-02-26
450,1993-07-05
451,1990-06-03
452,1999-12-10
453,2008-06-15
454,1998-08-10
455,2013-01-20
456,2008-07-08
457,2003-12-14
458,2010-10-07
459,1995-09-08
460,2011-07-13
461,2015-08-11
462,2010-08-18
463,1994-07-26
464,1995-11-06
465,2002-06-06
466,2002-06-28
467,1996-11-16
468,2006-08-18
469,2007-03-19
470,2012-02-08
471,1991-11-26
472,1992-05-28
473,2015-02-11
474,1991-07-01
475,1999-04-03
476,1997-04-11
477,1991-09-07
478,1997-07-21
479,2012-05-02
480,2009-02-12
481,2015-04-12
482,2006-02-28
483,1997-05-03
484,1995-06-10
485,2005-03-08
486,2004-04-08
487,2003-05-26
488,1998-10-12
489,1991-10-10
490,1995-03-01
491,2014-03-01
492,2015-01-08
493,2005-09-06
494,1992-01-27
495,1997-11-07
496,2013-09-10
497,2001-04-03
498,2009-03-20
499,2002-08-15
500,2015-07-10
501,2006-01-05
502,1991-04-08
503,1998-08-04
504,1990-12-15
505,1992-06-12
506,2015-01-27
507,1994-02-04
508,1990-10-26
509,2014-03-01
510,1998-06-12
511,2009-08-05
512,2012-06-26
513,2010-03-16
514,2015-07-02
515,1995-06-10
516,2005-09-23
517,1997-06-18
518,2005-10-13
519,1995-08-10
520,1996-02-04
521,1996-01-04
522,2008-04-09
523,1998-03-27
524,2002-03-23
525,1999-03-17
526,1992-10-10
527,2004-05-14
528,1995-01-01
529,2010-03-24
530,2009-08-25
531,2005-07-03
532,2001-09-16
533,2013-06-05
534,1990-03-13
535,2012-10-08
536,2011-03-17
537,2012-02-24
538,2015-08-22
539,2006-01-28
540,1993-12-03
541,2002-08-18
542,1991-11-19
543,2008-11-15
544,1991-03-09
545,1994-07-03
546,1991-05-07
547,2008-12-27
548,1996-11-14
549,1991-08-25
550,1997-11-19
551,2004-10-16
552,1992-07-19
553,2011-10-26
554,2005-02-09
555,1992-10-27
556,2003-11-04
557,2007-07-20
558,2009-05-28
559,1993-03-20
560,1993-01-08
561,2010-06-03
562,2012-06-12
563,2009-01-28
564,2001-03-16
565,1998-02-24
566,2006-02-03
567,2003-07-22
568,2009-08-08
569,2015-10-10
570,2004-12-09
571,2014-09-22
572,2006-10-20
573,1996-03-09
574,2003-10-22
575,1993-03-09
576,1993-05-09
577,1993-07-03
578,2005-08-14
579,2003-01-23
580,2010-11-20
581,1991-03-05
582,2007-07-16
583,2010-09-09
584,1994-05-27
585,2010-01-22
586,1990-08-12
587,2015-11-12
588,1991-06-12
589,1995-05-04
590,1997-02-23
591,2012-06-10
592,2006-06-16
593,2005-06-21
594,2009-05-19
595,2015-12-05
596,1994-10-17
597,2008-07-13
598,2000-10-02
599,1997-01-22
600,2009-06-05
